,Song Name,Song id,Notes,Difficulty,Level,4.5/7s,6/9s,7.5/11s,7.5/12s
0,お願い ! シンデレラ,1,481,MASTER,20,0.6536323557600155,0.632842334969995,0.6649857713687503,0.6126421020038045
1,Star!!,19,573,MASTER,25,0.6571113834119285,0.6556261062220732,0.6431250232074556,0.5917591870582845
2,S(mile)ING!,9,440,MASTER,21,0.6289490651192785,0.6320116054158611,0.663120567375887,0.6047711154094136
3,Never say never,10,611,MASTER,25,0.6133416907522828,0.6436373344476547,0.6674327634037903,0.6120648628570757
4,ミツボシ☆☆★,11,583,MASTER,24,0.6441370752892224,0.6406092235076569,0.6481515273165205,0.5923141491186451
5,風色メロディ,12,409,MASTER,23,0.6457542180374211,0.6995092684111052,0.7054049836133802,0.604310808233193
6,華蕾夢ミル狂詩曲 \n～魂ノ導～,13,656,MASTER,27,0.6349463760595044,0.6499740529320176,0.6460819927348198,0.5555915931499734
7,ましゅまろ☆キッス,14,508,MASTER,24,0.6222426983861064,0.6623108281677557,0.6846484614955041,0.6106550510973369
8,あんずのうた,15,700,MASTER,28,0.6606889564336377,0.6793313069908817,0.6550151975683891,0.6369807497467064
9,DOKIDOKIリズム,17,573,MASTER,24,0.6198556805663854,0.6762962137808959,0.6631762652705055,0.5856943051997077
10,おねだり \nShall We ～?,18,524,MASTER,25,0.6254398787288181,0.6167776514536303,0.6449298900979911,0.6257105733311681
11,ススメ☆オトメ ～jewel parade～\n（CUTE VERSION）,5,517,MASTER,24,0.6699864191942053,0.6614812680905934,0.6422760881792116,0.6070208650561755
12,ススメ☆オトメ ～jewel parade～\n（COOL VERSION）,6,406,MASTER,24,0.6451105754113828,0.647206791740908,0.6543688642001193,0.6014394018796074
13,ススメ☆オトメ ～jewel parade～\n（PASSION VERSION）,7,511,MASTER,24,0.6516217679143941,0.6602267838059152,0.664668082330571,0.5965219080928791
14,ススメ☆オトメ \n～jewel parade～,8,466,MASTER,25,0.64758165159955,0.6506255136517216,0.6688886859647523,0.6172952241804407
15,Happy×2 Days,23,478,MASTER,23,0.6544704590640676,0.6437876494851483,0.697795186800795,0.5888898780379243
16,Memories,25,412,MASTER,22,0.636576464917717,0.6606761688356403,0.6706603318873516,0.6267644426082767
17,LET'S GO HAPPY!!,27,703,MASTER,27,0.6161032252857553,0.6380961028217469,0.6697739172543206,0.6034926303683291
18,できたて \nEvo! Revo! Generation!,22,674,MASTER,26,0.6281962245091219,0.6487151966664555,0.6459793337121443,0.5452785318938479
19,輝く世界の魔法,2,585,MASTER,25,0.6410862581075345,0.6540583136327809,0.6490877129174992,0.6009577498939199
20,We're the friends!,3,547,MASTER,22,0.6587835647697949,0.6764168190127964,0.6905493536634377,0.6595615024569862
21,メッセージ,4,525,MASTER,25,0.6354609929078011,0.6411347517730497,0.6894967916244507,0.591151637960149
22,夕映えプレゼント,20,597,MASTER,26,0.6365159128978217,0.6573054397281907,0.6834408448863692,0.5931548997944802
23,GOIN'!!!,21,579,MASTER,27,0.6442999056823325,0.64625975330418,0.6559365009370514,0.609390119918176
24,-LEGNE- \n仇なす剣 光の旋律,24,630,MASTER,28,0.6431385793087909,0.6389733198243823,0.6400990656309795,0.5895530789147804
25,ØωØver!!,26,606,MASTER,26,0.6317440254663758,0.6537462256863974,0.6533951267467164,0.6011984177141113
26,Twilight Sky,28,582,MASTER,24,0.6536521166922561,0.6393946040798413,0.6713216836050789,0.6457312763520259
27,とどけ ! アイドル,29,481,MASTER,21,0.628418926291267,0.6545170374957613,0.6723581191666299,0.6430161749310687
28,Shine!!,30,540,MASTER,25,0.6238508011557657,0.6485421591804567,0.6451273969004463,0.6168899395849747
29,ヴィーナス\nシンドローム,32,612,MASTER,26,0.6354007323969773,0.6675010429703786,0.6768877763871495,0.6308811940851982
30,ショコラ・ティアラ,34,510,MASTER,26,0.6469197608121263,0.6569322764566822,0.662911973299958,0.5935196773744963
31,Trancing Pulse,35,662,MASTER,28,0.5703756079792585,0.6541535428853025,0.6621885110668283,0.6135501703413249
32,夢色ハーモニー,38,630,MASTER,26,0.6093662051108852,0.6524822695035449,0.6565349544072935,0.6014859844647074
33,アタシポンコツ\nアンドロイド,41,634,MASTER,26,0.6510504060675203,0.6906503792200805,0.6474707474774584,0.6018301004541685
34,Romantic Now,33,660,MASTER,27,0.6110036535568438,0.6746185256823544,0.6121856866537708,0.5585643670750047
35,M@GIC☆,36,767,MASTER,28,0.6222086604344101,0.6273867975995645,0.662154289994176,0.6270169306591958
36,流れ星キセキ,45,596,MASTER,26,0.6399638250273687,0.6753058213146739,0.6615022133371401,0.5751106668570609
37,You're stars \nshine on me,31,427,MASTER,23,0.6502566146793569,0.6725131629212554,0.6545750494128595,0.6208580397628187
38,Nation Blue,42,708,MASTER,26,0.6810714428817578,0.6607364667227633,0.659233882277518,0.6251753015186114
39,ゴキゲンParty Night,510,632,MASTER,26,0.6349313223808232,0.6634347787054482,0.6523251638387636,0.6463775922434679
40,ゴキゲンParty Night,510,900,MASTER+,29,0.6575256107171011,0.6884160756501196,0.6786446020488588,0.6471237194641462
41,TOKIMEKI\nエスカレート,37,800,MASTER,28,0.649468085106385,0.6817375886524839,0.6772163120567392,0.6276595744680871
42,Orange Sapphire,43,719,MASTER,26,0.6631550912910962,0.6711449116680981,0.6759782597973953,0.5945018199035295
43,Naked Romance,40,674,MASTER,26,0.6386135488351525,0.6579750405118162,0.6816507776164323,0.6497674516488824
44,ゴキゲンParty Night,50,632,MASTER,26,0.6349313223808232,0.6634347787054482,0.6523251638387636,0.6463775922434679
45,Angel Breeze,44,524,MASTER,24,0.6381625250392506,0.6562990633966757,0.6434410697850683,0.5947160413621355
46,アップルパイ・\nプリンセス,51,562,MASTER,23,0.6482673329799848,0.6405693950177931,0.6447338532596347,0.6174755811312181
47,Snow Wings,55,682,MASTER,26,0.6520247083047348,0.6720950063434618,0.6716790416172712,0.5771510575903154
48,Tulip,54,659,MASTER,26,0.6186032996480796,0.6293653612285959,0.6918929390113965,0.5962182115606058
49,エヴリデイドリーム,52,552,MASTER,25,0.6015520608490084,0.6343149347312157,0.6576986329530263,0.596284304656183
50,ゴキゲンParty Night\n（CUTE VERSION）,46,548,MASTER,25,0.6375213542475537,0.6768649376197127,0.6652171662266392,0.6381684526582798
51,ゴキゲンParty Night\n（COOL VERSION）,47,630,MASTER,25,0.6303050771135869,0.6707193515704144,0.6560846560846549,0.6341326128560161
52,ゴキゲンParty Night\n（PASSION VERSION）,48,630,MASTER,25,0.6377349994371264,0.6675672633119432,0.6500056287290318,0.6158955307891472
53,Bright Blue,53,389,MASTER,23,0.6541596018158946,0.6656456817808896,0.6164196247880547,0.6025634013382195
54,パステルピンクな恋,56,684,MASTER,26,0.6475260254655542,0.6288623449877645,0.6597611048898837,0.5681016963211803
55,Absolute NIne,61,622,MASTER,26,0.6483318510410244,0.6332808829901246,0.6818544616998461,0.5921187658206194
56,Rockin' Emotion,59,675,MASTER,26,0.6283162595219326,0.6579458891515617,0.6576306803257158,0.6248489624376138
57,花簪 \nHANAKANZASHI,60,645,MASTER,27,0.6444554401011594,0.6582000109956554,0.6796415415910712,0.5660564077189503
58,オルゴールの小箱,57,531,MASTER,25,0.6565960118069745,0.6535240613855829,0.6258765075930597,0.6023694087163259
59,ハイファイ☆デイズ,62,554,MASTER,24,0.6315129170187159,0.6624932790536903,0.631512917018716,0.5963079601607908
60,お願い ! シンデレラ,901,481,MASTER,25,0.6536323557600155,0.632842334969995,0.6649857713687503,0.6126421020038045
61,Hotel Moonside,63,779,MASTER,27,0.6435783282804848,0.6268265370223696,0.6802683928295067,0.6413022696856321
62,絶対特権\n主張しますっ !,58,777,MASTER,27,0.6228721122338158,0.6445046870578793,0.6573746999278923,0.6137444435316783
63,お散歩カメラ,64,610,MASTER,26,0.6448087431693981,0.6448087431693983,0.6484129752354365,0.593186838739681
64,生存本能\nヴァルキュリア,302,656,MASTER,26,0.6353788271925263,0.636459955025081,0.6709479328835836,0.6066208268465655
65,メルヘンデビュー !,65,747,MASTER,27,0.6563369316509547,0.6910858564280781,0.6483617685873534,0.6328861545472682
66,2nd SIDE,66,527,MASTER,25,0.6284737642483208,0.6329147994132452,0.6401819478649384,0.6019621300819574
67,つぼみ,301,440,MASTER,26,0.6428110896196007,0.6574790457769184,0.6490973565441656,0.6120245003223731
68,純情Midnight伝説,306,651,MASTER,25,0.64461657460971,0.63873364491072,0.6323059994988602,0.5892734581821741
69,熱血乙女A,67,500,MASTER,22,0.6046808510638302,0.6541843971631207,0.6097872340425535,0.6039716312056741
70,き・ま・ぐ・れ☆\nCafé au lait !,68,537,MASTER,25,0.6530897948941446,0.6311660525377392,0.6789756593631541,0.603959480697862
71,Love∞Destiny,307,613,MASTER,26,0.6472065067740321,0.629389237906817,0.6386449619936821,0.6280008792937875
72,明日また会えるよね,303,553,MASTER,25,0.6498403293447729,0.6397086170854007,0.6539443140574297,0.5930257909789286
73,薄荷 -ハッカ-,69,400,MASTER,24,0.6164893617021278,0.665780141843972,0.6413120567375891,0.5723404255319151
74,毒茸伝説,70,700,MASTER,28,0.6273556231003032,0.6754812563323204,0.6670719351570422,0.6056737588652478
75,咲いてJewel,304,573,MASTER,25,0.6515415939499705,0.6478284009753315,0.6537695097347538,0.643001250108301
76,サマカニ ! !,308,697,MASTER,26,0.6571222157778527,0.6637361742828944,0.6977217456780337,0.624866448914801
77,秘密のトワレ,71,773,MASTER,28,0.6629783564082113,0.6448120521501401,0.670685273366181,0.5825144734065485
78,小さな恋の密室事件,72,496,MASTER,27,0.6252859757492567,0.6524536719286208,0.6824811256005489,0.615991763898422
79,きみにいっぱい☆,305,514,MASTER,25,0.6316748075171789,0.6359522035488588,0.6716891574909617,0.5891768082346778
80,BEYOND \nTHE STARLIGHT,313,600,MASTER,26,0.6173758865248219,0.6486997635933798,0.637825059101654,0.6330969267139475
81,Can't Stop!!,76,618,MASTER,25,0.6200509536597116,0.6461015859900378,0.6728407812894478,0.6061649337831938
82,Near to You,312,566,MASTER,26,0.6309049444903887,0.6592236172718836,0.6702503571160057,0.6237626243640826
83,STORY,315,547,MASTER,25,0.6285736512505345,0.6416689356515873,0.6640994722989348,0.6127555849443126
84,Near to You\n（CUTE VERSION）,309,558,MASTER,25,0.6386791733394337,0.6491014006456693,0.6718523602531833,0.6272401433691756
85,Near to You\n（COOL VERSION）,310,516,MASTER,25,0.6334872725273517,0.6741712023750616,0.6508054318544173,0.6230413986475345
86,Near to You\n（PASSION VERSION）,311,582,MASTER,25,0.6269649776997872,0.650727498720479,0.6612073797860147,0.612220028758743
87,キミとボクのミライ,801,545,MASTER,25,0.6626325720606412,0.6612011191359225,0.6747348558787162,0.5621706031622101
88,恋色エナジー,74,606,MASTER,25,0.6330313882452065,0.6365423776420183,0.6693116120122639,0.6209769913161526
89,ラブレター,314,546,MASTER,26,0.6245291351674328,0.6694723716000307,0.6607694905567241,0.6115397604759304
90,あいくるしい,317,468,MASTER,25,0.6434503243013887,0.6437534097108567,0.6655755591925807,0.6113232708977392
91,青の一番星,75,677,MASTER,27,0.6303361723079494,0.6588306776873348,0.6543260316163287,0.6167174748839781
92,Flip Flop,318,631,MASTER,25,0.6373987029481507,0.6155938451855092,0.6503242629620875,0.5922154409863882
93,Jet to the Future,316,599,MASTER,26,0.6322594394913499,0.6443363051894995,0.6645828153305144,0.6349826543056388
94,Treasure☆,322,541,MASTER,24,0.6148320027267605,0.6630746843906079,0.6439349248174506,0.5764213893367947
95,EVERMORE,319,675,MASTER,27,0.6687680588389798,0.6218019437877583,0.6865248226950359,0.5935382190701332
96,気持ちいいよね　\n一等賞 !,73,689,MASTER,26,0.6274897322669294,0.6361362443257254,0.6414888470287903,0.588786297337079
97,あんきら ! ？狂騒曲,320,785,MASTER,26,0.646609748385058,0.6445317793739006,0.6775082441161875,0.6036048245019655
98,ラヴィアンローズ,77,499,MASTER,24,0.6085930726701635,0.6304808197956197,0.6083088162139886,0.6328969996731052
99,命燃やして恋せよ乙女,321,529,MASTER,25,0.6433924573328508,0.6454034777245972,0.7045274772419517,0.6069259542291762
100,Lunatic Show,324,568,MASTER,26,0.6293077614623911,0.6881180701228642,0.7278243931675148,0.614573968634502
101,in fact,78,403,MASTER,24,0.6340742305052535,0.6309064991288742,0.6581841859810291,0.5485454833430127
102,Sweet Witches' Night \n～6人目はだぁれ～,325,553,MASTER,26,0.6359893809395557,0.6430431046644349,0.6498403293447726,0.5927692919343873
103,お願い ! シンデレラ,1,527,MASTER+,25,0.6522938619510945,0.6397782173954001,0.6858034909227926,0.6086909712409332
104,S(mile)ING!,9,627,MASTER+,27,0.6466682502516762,0.6579795717533672,0.6847874037123747,0.6190686257875501
105,アタシポンコツ\nアンドロイド,41,822,MASTER+,29,0.6197477178996066,0.6804024089316852,0.6641818087694796,0.6083587858708228
106,夢色ハーモニー,38,777,MASTER+,29,0.6157525306461492,0.6345555281725505,0.6544538459432088,0.6100020993638018
107,とどけ ! アイドル,29,658,MASTER+,26,0.621591325529758,0.6254715557567514,0.701243829356097,0.6155554118433241
108,Never say never,10,774,MASTER+,27,0.6376564590320173,0.6522257041801839,0.6818223468396665,0.6403137427382862
109,Nation Blue,42,835,MASTER+,29,0.6645432539176983,0.6671762857264205,0.6377882532806743,0.5813904106680264
110,流れ星キセキ,45,814,MASTER+,29,0.6189555125725344,0.6760241866624868,0.6959764406572932,0.6101556101556117
111,We're the friends!,3,638,MASTER+,26,0.6491918450832603,0.6716467684919619,0.7049956646435003,0.6222904021876868
112,ミツボシ☆☆★,11,805,MASTER+,27,0.6445531033875173,0.6589137042421054,0.6626139817629197,0.5764503766353911
113,Orange Sapphire,43,918,MASTER+,29,0.6501954603748529,0.6613204777576921,0.6834159983930542,0.5864583816190007
114,ゴキゲンParty Night,50,928,MASTER+,29,0.6529713866471029,0.6937056737588668,0.6781914893617035,0.6419662509170957
115,情熱\nファンファンファーレ,326,700,MASTER,26,0.6520770010131709,0.6363728470111448,0.6685916919959475,0.6436676798378921
116,ミラクルテレパシー,79,695,MASTER,26,0.66166641155161,0.6591152609827025,0.6939129547425905,0.6085004336955958
117,桜の頃,327,517,MASTER,26,0.6210132104201818,0.6746505343155408,0.5885015844273428,0.5365104188101024
118,エンジェル ドリーム,802,765,MASTER,26,0.6506280999397407,0.6705604227506619,0.6726000092708493,0.5994530199786774
119,∀NSWER,328,620,MASTER,26,0.6408144589338814,0.6477922672157391,0.6744452070464414,0.596087851750171
120,恋のHamburg♪,80,586,MASTER,25,0.6367245177062902,0.6576622370682345,0.6867087841599487,0.6137293345920163
121,shabon song,329,573,MASTER,25,0.6480759471736408,0.6530268711398258,0.6215885039545499,0.6280247051105909
122,BEYOND \nTHE STARLIGHT,902,600,MASTER,25,0.6173758865248219,0.6486997635933798,0.637825059101654,0.6330969267139475
123,Tulip,54,868,MASTER+,30,0.6132954211197192,0.6430368990423915,0.652923489230972,0.6064320031375644
124,Love∞Destiny,307,739,MASTER+,29,0.6366663787560347,0.6680486377028578,0.6154569621589455,0.6258217449303737
125,Happy×2 Days,23,661,MASTER+,27,0.6626538341863278,0.6478471261037967,0.6831471765324397,0.6090063411336778
126,Absolute NIne,61,999,MASTER+,30,0.6605896676818673,0.6262290659453785,0.6702447127979059,0.6152961472110423
127,生存本能\nヴァルキュリア,302,953,MASTER+,30,0.6195441048424917,0.636883897806853,0.6921033243285494,0.5869482708579863
128,Memories,25,603,MASTER+,26,0.6341813391670482,0.6844030438822427,0.6821683544452665,0.6240664290838946
129,Nocturne,330,578,MASTER,26,0.6097082136984953,0.621855751061375,0.6832069498637992,0.5851677341775259
130,共鳴世界の存在論,81,815,MASTER,27,0.5982682852543201,0.6521341861375817,0.6423878518905292,0.5625897402427887
131,Nothing but You,331,737,MASTER,26,0.6287710384248979,0.6280974239056177,0.6686105257080178,0.6011528431344236
132,LET'S GO HAPPY!!,27,986,MASTER+,29,0.6495907240372322,0.6384417303238266,0.6694431257462653,0.591328240760723
133,ハイファイ☆デイズ,62,800,MASTER+,28,0.6605496453900725,0.6594858156028377,0.6465425531914913,0.5908687943262408
134,純情Midnight伝説,306,927,MASTER+,29,0.6216193470892929,0.6311062146633319,0.6466371349659936,0.616263857329755
135,Radio Happy,82,739,MASTER,27,0.648854595533547,0.6559563911361926,0.6629622165279917,0.5892570945978365
136,明日また会えるよね,303,820,MASTER+,28,0.6417574814046026,0.6403736377789326,0.6464279536412403,0.5796574987026472
137,Near to You,312,870,MASTER+,29,0.6424553680606522,0.6312871932827919,0.6625091709464432,0.6195483818374514
138,おねだり \nShall We ～?,18,683,MASTER+,27,0.6415168790172675,0.6405823286917325,0.6642576036052873,0.6106767182746117
139,咲いてJewel,304,923,MASTER+,29,0.6423703157296216,0.6457512121281986,0.6422166386205955,0.6223922915562129
140,BEYOND \nTHE STARLIGHT,313,811,MASTER+,29,0.6217698139937576,0.6560502313053685,0.6605976336018076,0.6217698139937569
141,Twilight Sky,28,758,MASTER+,27,0.6460637362226102,0.6552330694810914,0.6821796815060176,0.6008720223058057
142,モーレツ★\n世直しギルティ !,332,743,MASTER,26,0.641638746504015,0.6666475759571618,0.6667430295046931,0.578257590943367
143,この空の下,323,413,MASTER,23,0.6441364861848098,0.6662888740061482,0.6467123452338027,0.6020641217179263
144,With Love,333,565,MASTER,25,0.6209753342120125,0.6307663340237241,0.689010230339546,0.5506809765894685
145,DOKIDOKIリズム,17,825,MASTER+,28,0.6431119707715466,0.6956372232967997,0.6654631420588888,0.5653986675263267
146,きみにいっぱい☆,305,831,MASTER+,28,0.6243865802971741,0.6353961304418342,0.6475151701359566,0.6041597323569836
147,サマカニ ! !,308,979,MASTER+,30,0.663653025594218,0.6629285926441086,0.6720564478154739,0.6218532443729686
148,Yes! Party Time!!,542,688,MASTER,25,0.6030430479960406,0.6605640771895098,0.6627288471053937,0.5911883555995373
149,Yes! Party Time!!,542,974,MASTER+,29,0.6188562191445682,0.6674967597244689,0.6281765622496994,0.5964291435478478
150,Yes! Party Time!!,334,688,MASTER,25,0.6030430479960406,0.6605640771895098,0.6627288471053937,0.5911883555995373
151,ラブレター,314,793,MASTER+,29,0.6191587740244882,0.6357936912523601,0.6485829018092725,0.6060118233121385
152,EVERMORE,319,859,MASTER+,29,0.6558013193636024,0.6310322905572221,0.6759467961261256,0.6033735417234298
153,Star!!,19,950,MASTER+,30,0.6419559537140739,0.6812243374393444,0.6461366181410981,0.5908174692049284
154,Jet to the Future,316,804,MASTER+,29,0.6316820154546431,0.6605271514766599,0.641649906495891,0.6413852722204587
155,STORY,315,766,MASTER+,28,0.6317241634724011,0.6648704701590669,0.6672777438290483,0.6145954854359953
156,Snow Wings,55,862,MASTER+,30,0.6483355547876469,0.6629806980303125,0.6529430155830921,0.5921409883003412
157,Flip Flop,318,864,MASTER+,29,0.6444542947202536,0.6447005516154468,0.6520882584712385,0.5979117415287644
158,命燃やして恋せよ乙女,321,738,MASTER+,29,0.6234023333141137,0.6728939629821844,0.6741432662553591,0.5726614003728685
159,輝く世界の魔法,2,702,MASTER+,28,0.6329433634398166,0.6439554666505026,0.6182942353155114,0.585156897213634
160,リトルリドル,335,652,MASTER,26,0.6347082626288987,0.6708219118478865,0.6497193577861886,0.6143671409302522
161,To my darling...,83,500,MASTER,24,0.6456737588652484,0.6329078014184399,0.6685106382978722,0.6140425531914898
162,Kawaii \nmake MY day!,336,661,MASTER,26,0.6402291820903198,0.6370103325071608,0.6376541024237924,0.6274610787437895
163,EVERMORE,319,861,LEGACY,29,0.657655208770934,0.6316257691452309,0.6765183153351307,0.6042783832093649
164,Tulip,54,869,LEGACY,30,0.6135690326371732,0.6445820989316832,0.6524169788376645,0.6070399660488556
165,Love∞Destiny,307,719,LEGACY,29,0.6394815494333147,0.6751891417354685,0.6199508774006444,0.6227127906173857
166,ラブレター,314,791,LEGACY,29,0.6159722409016336,0.6373115994656207,0.6526436596103341,0.6051232392787668
167,Near to You,312,858,LEGACY,29,0.6453239431962854,0.6373886161120212,0.6594587445651292,0.6256509447998825
168,夢色ハーモニー,38,777,LEGACY,29,0.6157525306461492,0.6345555281725505,0.6544538459432088,0.6100020993638018
169,Absolute NIne,61,999,LEGACY,30,0.6605896676818673,0.6262290659453785,0.6702447127979059,0.6152961472110423
170,生存本能\nヴァルキュリア,302,931,LEGACY,30,0.6179582695340187,0.627404377204411,0.6824812791858077,0.5848968926876477
171,BEYOND \nTHE STARLIGHT,313,814,LEGACY,29,0.6206980675065796,0.65729172112151,0.6592085315489598,0.6218307282137079
172,Jet to the Future,316,784,LEGACY,29,0.632779707627733,0.6599182226081933,0.6477963525835883,0.6364886380083954
173,咲いてJewel,304,822,LEGACY,28,0.6373487946713614,0.6498593639454037,0.6474435298786921,0.6354506393332312
174,流れ星キセキ,45,814,LEGACY,29,0.6186941293324278,0.6760241866624868,0.6947566522034622,0.6113753986094427
175,STORY,315,771,LEGACY,28,0.6416094047520503,0.6638702615190752,0.668653586113642,0.6068383144300032
176,ハイファイ☆デイズ,62,795,LEGACY,28,0.6596190731076335,0.6566751416209472,0.6491814978366583,0.5954770507159103
177,純情Midnight伝説,306,922,LEGACY,29,0.6216827433424116,0.632374886540208,0.6456823741173222,0.6154520699681565
178,サマカニ ! !,308,971,LEGACY,30,0.6629854430980728,0.6615246400946608,0.673430184572461,0.6182118310435263
179,命燃やして恋せよ乙女,321,739,LEGACY,29,0.6237104002917497,0.6732310290885722,0.6745746120404241,0.573230069386462
180,ゴキゲンParty Night,50,900,LEGACY,29,0.6575256107171011,0.6884160756501196,0.6786446020488588,0.6471237194641462
181,きみにいっぱい☆,305,780,LEGACY,28,0.6256592107655956,0.6426623022367716,0.6580287324968189,0.6149299872704131
182,Flip Flop,318,844,LEGACY,29,0.634348425263018,0.6468690128062942,0.644095996773219,0.60804678834325
183,みんなのきもち,84,560,MASTER,24,0.6206940222897666,0.6627406281661596,0.6526089159067878,0.5946048632218842
184,Take me☆Take you,545,570,MASTER,24,0.6711459499813357,0.6562150055991034,0.6755008087594864,0.6282194848824185
185,Take me☆Take you,545,856,MASTER+,27,0.6637336780009289,0.6257871014780952,0.663485119639426,0.6164247365281387
186,Take me☆Take you,338,570,MASTER,24,0.6711459499813357,0.6562150055991034,0.6755008087594864,0.6282194848824185
187,あいくるしい,317,656,MASTER+,28,0.6209998270195459,0.631811105345095,0.6907325722193381,0.6257567894827879
188,風色メロディ,12,512,MASTER+,27,0.6417608599290779,0.6835937499999996,0.6774988918439714,0.616273271276596
189,Lunatic Show,324,788,MASTER+,29,0.6208373834467376,0.6926593944630464,0.712189941318359,0.6156172372826445
190,華蕾夢ミル狂詩曲 \n～魂ノ導～,13,950,MASTER+,29,0.6428518103770077,0.6594251586412854,0.6563643150429278,0.5761104889884301
191,Sweet Witches' Night \n～6人目はだぁれ～,325,788,MASTER+,29,0.6323577060157701,0.6141771969615155,0.6521582604312933,0.5540555135543788
192,ましゅまろ☆キッス,14,745,MASTER+,27,0.6190680184682761,0.6569565424341965,0.6673330477414458,0.5778475891284679
193,あいくるしい,317,573,LEGACY,28,0.6270345203173538,0.6248066045325705,0.6460955775871668,0.6061168665602218
194,Lunatic Show,324,783,LEGACY,29,0.6233526262873302,0.6934594168636737,0.7128429481082961,0.6160158691339914
195,Sweet Witches' Night \n～6人目はだぁれ～,325,774,LEGACY,29,0.6316088478384385,0.6176810159986807,0.6454450492055649,0.5590375135154938
196,Wonder goes on!!,339,640,MASTER,25,0.6490469858156019,0.6518173758865238,0.657801418439715,0.5876551418439709
197,双翼の独奏歌,340,699,MASTER,27,0.6370803275195572,0.6722876652563446,0.6558508101746167,0.6273399689526062
198,イリュージョニスタ !,341,743,MASTER,26,0.6350524517243689,0.6709429855960609,0.6519477296373734,0.6218798621650771
199,こいかぜ,86,636,MASTER,26,0.6162183861902841,0.629488380391631,0.6147687229582046,0.6077434319104322
200,あんきら ! ？狂騒曲,320,998,MASTER+,30,0.6642362739663735,0.6520132463508591,0.6654443639051167,0.6206739720575913
201,ススメ☆オトメ \n～jewel parade～,8,691,MASTER+,28,0.6502037339245207,0.6635465098377314,0.6477404522174666,0.5884164177725768
202,∀NSWER,328,888,MASTER+,30,0.6415724234873181,0.6317487700466435,0.6625774710881107,0.6030764807360576
203,メッセージ,4,738,MASTER+,28,0.61821291971785,0.646466393741952,0.6822156874051022,0.5921697514847483
204,情熱\nファンファンファーレ,326,858,MASTER+,29,0.6479690522243728,0.640281704111493,0.6885549438740944,0.62829605382797
205,できたて \nEvo! Revo! Generation!,22,913,MASTER+,29,0.6294423341334405,0.6583393535457123,0.6772156323553417,0.5888932907646071
206,あんきら ! ？狂騒曲,320,957,LEGACY,30,0.6621608602533046,0.6465980420492539,0.6676449009537799,0.6148795363762359
207,∀NSWER,328,888,LEGACY,30,0.6415724234873181,0.6317487700466435,0.6625774710881107,0.6030764807360576
208,情熱\nファンファンファーレ,326,870,LEGACY,29,0.6477541371158407,0.6380533137686492,0.6924268362272781,0.6241134751773065
209,Twin☆くるっ★テール,342,666,MASTER,26,0.644793729900112,0.6461780929866026,0.6372329776585083,0.6097586948650771
210,キミのそばでずっと,549,471,MASTER,24,0.6291126470012501,0.6435680836006087,0.6462784779629884,0.5889084639592844
211,キミのそばでずっと,549,603,MASTER+,27,0.5888994742599057,0.6606447667101835,0.6527645460640049,0.5530268280347671
212,キミのそばでずっと,343,471,MASTER,24,0.6291126470012501,0.6435680836006087,0.6462784779629884,0.5889084639592844
213,私色ギフト,337,565,MASTER,25,0.6605159103746937,0.6438210004393393,0.6639051026172089,0.6243645264545283
214,Halloween♥Code,344,741,MASTER,26,0.6493046582632254,0.6577272422737155,0.6636613355538333,0.6107330519424581
215,shabon song,329,692,MASTER+,28,0.6484442258024841,0.6504939941786575,0.6386053375968512,0.5934079449022249
216,パステルピンクな恋,56,787,MASTER+,29,0.6537979759748409,0.6327106256815109,0.6477601449079476,0.5745852370524567
217,Nocturne,330,873,MASTER+,29,0.6312300455752979,0.6226186704361755,0.6643757159221091,0.6417099266408338
218,オルゴールの小箱,57,652,MASTER+,28,0.6449332115041542,0.6263325066353381,0.6176304224861846,0.5870643519122825
219,モーレツ★\n世直しギルティ !,332,910,MASTER+,29,0.6079027355623121,0.6431299197256666,0.6706414153222678,0.5888083547658025
220,絶対特権\n主張しますっ !,58,995,MASTER+,30,0.6320966534801681,0.6387255426066512,0.6603228910510007,0.5958872376064731
221,shabon song,329,674,LEGACY,28,0.6506092556348247,0.6477681671822708,0.6350358818949,0.5908411726329512
222,Nocturne,330,812,LEGACY,29,0.6353282325402665,0.6141040422038232,0.6662474234007625,0.633581385598995
223,モーレツ★\n世直しギルティ !,332,911,LEGACY,29,0.6087924578243865,0.6439809732894277,0.6699052557006189,0.5897190368311661
224,秋風に手を振って,345,654,MASTER,26,0.6468649012080584,0.6822174507124725,0.6759277333159819,0.6389485327607511
225,lilac time,85,579,MASTER,24,0.6705128676245415,0.6435649628241397,0.683741839072011,0.5908940579869915
226,Trinity Field,346,682,MASTER,26,0.6082444208731091,0.6741748299744182,0.6307065160874349,0.588486096379026
227,恋が咲く季節,553,617,MASTER,25,0.6458843408393384,0.6265733301148307,0.6978401554076563,0.6062278009586535
228,恋が咲く季節,553,733,MASTER+,28,0.6286222944665372,0.6073360231439819,0.6694532330943479,0.5400907569204564
229,恋が咲く季節,347,617,MASTER,25,0.6458843408393384,0.6265733301148307,0.6978401554076563,0.6062278009586535
230,桜の頃,327,590,MASTER+,29,0.5882918620026444,0.6593340545738664,0.6362543574948906,0.5733862243058054
231,ØωØver!!,26,978,MASTER+,29,0.6330766218509346,0.6422138102075456,0.6427214317829141,0.5922493437178217
232,Nothing but You,331,930,MASTER+,29,0.620986806985436,0.6283840463662026,0.679097079234349,0.6148097308014961
233,-LEGNE- \n仇なす剣 光の旋律,24,948,MASTER+,30,0.6278989735763248,0.6244576113953987,0.6273004758057293,0.5774007241823034
234,Yes! Party Time!!,334,976,MASTER+,29,0.618605394721545,0.6672189280316257,0.6268893151959091,0.597241599813976
235,私色ギフト,337,750,MASTER+,27,0.6516312056737599,0.6378250591016558,0.6614657210401903,0.6142789598108738
236,桜の頃,327,586,LEGACY,29,0.5895238786822548,0.6571781279500395,0.6310362355674962,0.5774211507273733
237,Nothing but You,331,845,LEGACY,29,0.6299047379243795,0.634688824541526,0.6779134667841717,0.608166519786816
238,Yes! Party Time!!,334,974,LEGACY,29,0.6188562191445682,0.6674967597244689,0.6281765622496994,0.5964291435478478
239,冬空プレシャス,348,681,MASTER,26,0.622988721217233,0.663813124212412,0.6492329802855628,0.589558534070671
240,こいかぜ -花葉-,349,432,MASTER,25,0.6056277909114796,0.661281849225112,0.6488048332019967,0.568689256632519
241,Happy New Yeah!,350,736,MASTER,26,0.6447540857230971,0.6512102991057667,0.6413814369411044,0.5900208140610542
242,With Love,333,741,MASTER+,28,0.6382978723404262,0.656291574544655,0.6650970032828952,0.5773298494463099
243,リトルリドル,335,851,MASTER+,29,0.6167129201356782,0.6725504412830976,0.6333808368961014,0.5990449283696293
244,Take me☆Take you,338,870,MASTER+,28,0.6639765223771102,0.6286785685171613,0.6646286785685186,0.61107035134915
245,美に入り彩を穿つ,351,830,MASTER,27,0.6236007861232173,0.6437665555840392,0.6435956592326763,0.6118943860548585
246,With Love,333,741,LEGACY,28,0.6382978723404262,0.656291574544655,0.6650970032828952,0.5773298494463099
247,リトルリドル,335,770,LEGACY,29,0.6106659298148663,0.6748641429492509,0.6227318780510273,0.5973104909275121
248,Take me☆Take you,338,856,LEGACY,27,0.6637336780009289,0.6257871014780952,0.663485119639426,0.6164247365281387
249,always,557,434,MASTER,25,0.6373173840572612,0.624407621662255,0.7115076641500804,0.600549073438573
250,always,557,632,MASTER+,28,0.61899631923871,0.6270760391417531,0.6896938683903393,0.6266271658138066
251,always,353,434,MASTER,25,0.6373173840572612,0.624407621662255,0.7115076641500804,0.600549073438573
252,追い風Running,87,744,MASTER,27,0.6312438038587666,0.6531686113017627,0.703690993670405,0.6065545641729572
253,Frost,354,483,MASTER,25,0.6070217171049738,0.6368295082448646,0.6148040468114476,0.5736898521357356
254,ツインテールの風,355,652,MASTER,26,0.6696253752773781,0.6786537875821259,0.6778923552190743,0.5643301570726181
255,Kawaii \nmake MY day!,336,832,MASTER+,29,0.6254262138570662,0.6498908892525931,0.6599495362793246,0.6104234860883813
256,あんずのうた,15,998,MASTER+,30,0.6400744751915184,0.6779516479768058,0.6429170397532669,0.6606120041501455
257,双翼の独奏歌,340,918,MASTER+,30,0.6593117940635685,0.6636381897124511,0.6827206848066274,0.6177474930082368
258,ヴィーナス\nシンドローム,32,891,MASTER+,28,0.6431533618294861,0.6689431748533421,0.6407654161791289,0.6150552013436187
259,Twin☆くるっ★テール,342,933,MASTER+,30,0.6502322257949277,0.6523606455192971,0.660266204495528,0.6410344119860455
260,Romantic Now,33,835,MASTER+,29,0.6088249033847213,0.6446681105873374,0.6334564912727747,0.5573533783496841
261,Kawaii \nmake MY day!,336,830,LEGACY,29,0.6241134751773063,0.6468426899085721,0.6656412885584904,0.6124925232846297
262,双翼の独奏歌,340,915,LEGACY,30,0.6573654226252775,0.6637987830872398,0.680851063829789,0.6178351354493677
263,Twin☆くるっ★テール,342,918,LEGACY,30,0.6467961495078737,0.6508907739612795,0.6623248196047544,0.6393022141874893
264,キラッ ! 満開スマイル,356,775,MASTER,26,0.6193548387096787,0.6309768931594611,0.703729123770306,0.618073667353009
265,Vast world,357,570,MASTER,25,0.6328231927336068,0.6711459499813357,0.6391688440960552,0.6191364937165604
266,Tulip\n（SP VERSION）,352,855,MASTER,27,0.6465098917506548,0.6370536269752409,0.6503255775372256,0.5952469827049913
267,イリュージョニスタ !,341,823,MASTER+,29,0.6387287471023688,0.6804374240583245,0.6416586954835727,0.6164956093861769
268,ショコラ・ティアラ,34,787,MASTER+,28,0.6264024439698302,0.6355042490109688,0.663891066713529,0.6203646129029365
269,キミのそばでずっと,343,584,MASTER+,27,0.5853492664917902,0.6611289225687352,0.6484989798892441,0.55195278344506
270,You're stars \nshine on me,31,677,MASTER+,28,0.661659176383083,0.6874299422776751,0.6404978157704512,0.604565406413358
271,秋風に手を振って,345,791,MASTER+,29,0.6391944840447956,0.6691413149707275,0.6604441814383455,0.6263729366723166
272,TOKIMEKI\nエスカレート,37,937,MASTER+,30,0.6162719407797648,0.6877994504870695,0.6669088762233486,0.6410227298530864
273,イリュージョニスタ !,341,821,LEGACY,29,0.6378659479444733,0.6807992329022741,0.6409758035953407,0.6169608071803123
274,キミのそばでずっと,343,603,LEGACY,27,0.5888994742599057,0.6606447667101835,0.6527645460640049,0.5530268280347671
275,秋風に手を振って,345,790,LEGACY,29,0.6382080976748371,0.6709758506149583,0.6594846934195181,0.6253703204955575
276,Spring Screaming,358,729,MASTER,26,0.6320715251631988,0.6636896944225559,0.6862602029400046,0.6277909114788546
277,One Life,88,513,MASTER,25,0.6338738888197641,0.6562703053931125,0.6606942889137737,0.6080212351208996
278,桜の風,359,542,MASTER,26,0.6303158776268613,0.6504671429693015,0.6748056842270549,0.6105571694014812
279,Heart Voice,360,756,MASTER,27,0.6656910203009511,0.6722578708394323,0.6450523471800078,0.619816878682128
280,Halloween♥Code,344,936,MASTER+,29,0.638600957749895,0.6934594168636734,0.6776989755713169,0.6126113838879803
281,Naked Romance,40,898,MASTER+,29,0.6070226981945706,0.6416149362649873,0.6767600183228306,0.645563821889464
282,Trinity Field,346,938,MASTER+,30,0.6267295740144282,0.6717930106307374,0.6289978678038393,0.6169759107199576
283,Angel Breeze,44,663,MASTER+,27,0.6133735545500243,0.6638640180567581,0.6512414021800748,0.6244985719328637
284,冬空プレシャス,348,893,MASTER+,29,0.6249553262967305,0.6606942889137749,0.6678420814371846,0.6050209271481114
285,アップルパイ・\nプリンセス,51,834,MASTER+,28,0.616953245913908,0.6411041379662242,0.6616834192220706,0.6013061890912814
286,Halloween♥Code,344,911,LEGACY,29,0.6370522611735226,0.6962187916014678,0.6767561171185907,0.611828635043714
287,Trinity Field,346,933,LEGACY,30,0.6259834439351459,0.671668453018936,0.6281118636595149,0.6170896900868863
288,冬空プレシャス,348,884,LEGACY,29,0.6212092038124597,0.658675908988801,0.6683033278777977,0.6011520811270511
289,HARURUNRUN,361,742,MASTER,26,0.586970235705683,0.6032192081971293,0.6623845845042153,0.6118216053984811
290,Virgin Love,362,662,MASTER,25,0.6317627648861167,0.6403333976130776,0.6761157892481408,0.6065865312506684
291,祈りの花,89,675,MASTER,27,0.6258996585237712,0.6955608090359867,0.6782243236143951,0.5732597846073015
292,エチュードは1曲だけ,363,695,MASTER,26,0.6561559263227718,0.6486045206388075,0.672075105872749,0.6368692280218369
293,銀のイルカと熱い風,364,757,MASTER,26,0.6260247149535786,0.6278984794401206,0.6504773415029474,0.625087832710308
294,エヴリデイドリーム,52,729,MASTER+,28,0.6095983033203932,0.6187432507369466,0.6437459261204996,0.6058041230092706
295,恋が咲く季節,347,736,MASTER+,28,0.6301071538698738,0.6077513105149549,0.6693262411347531,0.5404910576626573
296,Bright Blue,53,500,MASTER+,26,0.6655319148936171,0.6721985815602834,0.6107801418439717,0.58113475177305
297,美に入り彩を穿つ,351,992,MASTER+,30,0.6337222603523232,0.6453757721345236,0.6510237931823399,0.6016214824982854
298,Rockin' Emotion,59,993,MASTER+,29,0.6199424339168514,0.658367437309394,0.6623670659153099,0.5885167805846612
299,Happy New Yeah!,350,970,MASTER+,29,0.6284272866856782,0.6644000877385401,0.6448051473276317,0.5969876434890704
300,恋が咲く季節,347,733,LEGACY,28,0.6286222944665372,0.6073360231439819,0.6694532330943479,0.5400907569204564
301,美に入り彩を穿つ,351,990,LEGACY,30,0.6325668027795697,0.6470377534207328,0.6494734579840981,0.600186259760729
302,Happy New Yeah!,350,971,LEGACY,29,0.6280722513165502,0.6640080052004596,0.6451636464564584,0.5968841071937256
303,SUN♡FLOWER,366,783,MASTER,26,0.6081356484878144,0.6497106056900646,0.7065025406918299,0.5996213870999888
304,凸凹スピードスター,367,856,MASTER,27,0.6284383906674633,0.6405348975939565,0.6570226022403419,0.6070623715781807
305,楽園,90,465,MASTER,24,0.6454663311217881,0.6219781895828572,0.6707847174559599,0.6228933119804781
306,ガールズ・イン・\nザ・フロンティア,571,663,MASTER,26,0.626851940994618,0.6754169207235537,0.658622423328305,0.6329493062909822
307,ガールズ・イン・\nザ・フロンティア,571,870,MASTER+,30,0.607483492296406,0.6906334067009064,0.649547566642212,0.6297383223281984
308,ガールズ・イン・\nザ・フロンティア,369,663,MASTER,26,0.626851940994618,0.6754169207235537,0.658622423328305,0.6329493062909822
309,夏色,803,579,MASTER,25,0.645647300922353,0.6434424723477744,0.6694104533372521,0.5945687722779551
310,クレイジークレイジー,368,681,MASTER,26,0.6605846637714662,0.6615219587381929,0.6801637141875218,0.5904958290373974
311,always,353,635,MASTER+,28,0.6206511420115031,0.6267939911766339,0.691126375160551,0.623778410677388
312,ツインテールの風,355,853,MASTER+,30,0.6279879939803623,0.6451156951269212,0.6701420934041732,0.5483358692308341
313,Vast world,357,872,MASTER+,28,0.6108074695816269,0.6687975795432385,0.6618843125772674,0.6099128115036776
314,always,353,632,LEGACY,28,0.61899631923871,0.6270760391417531,0.6896938683903393,0.6266271658138066
315,ツインテールの風,355,793,LEGACY,29,0.6244354413172003,0.6545750494128607,0.6748768032339719,0.5527979751907205
316,Vast world,357,869,LEGACY,28,0.6096515926841825,0.6709432052820169,0.6638428453672208,0.6116919259930317
317,サヨナラバス,804,543,MASTER,25,0.6382978723404253,0.6629834254143642,0.671081331713751,0.5856614813944077
318,Flip Flop \n～For SS3A rearrange Mix～,705,755,MASTER,27,0.662815274059463,0.6538913155793536,0.6459067211497829,0.6184772908740791
319,shabon song \n～For SS3A rearrange Mix～,703,861,MASTER,27,0.6186934209767643,0.6358267230088724,0.644393374024927,0.5959588471264667
320,輝く世界の魔法 \n-Magical Step Forward Remix-,708,716,MASTER,27,0.6347319624390827,0.655037838266176,0.6765323507270503,0.5782717223344812
321,LOVE & PEACH,805,598,MASTER,25,0.6552574776441555,0.655850470836594,0.6591712327142479,0.6012950971322845
322,Pretty Liar,370,732,MASTER,26,0.6163043057008877,0.6456613572065266,0.6553501530829754,0.599252024958337
323,キラッ ! 満開スマイル,356,926,MASTER+,29,0.6283412220639378,0.640442381630748,0.6866259209901522,0.6549178193404114
324,花簪 \nHANAKANZASHI,60,856,MASTER+,29,0.6542056074766371,0.6469145622058743,0.6763273016504292,0.5360575329754085
325,Frost,354,725,MASTER+,29,0.6335045243335783,0.6205918317437025,0.6749816581071179,0.6191244803130347
326,Hotel Moonside,63,779,MASTER+,27,0.6287384262420465,0.6114403809211671,0.6703447773559498,0.6080718142007843
327,Spring Screaming,358,902,MASTER+,29,0.6446666981176595,0.6588196442892876,0.6821720054724741,0.6030727618688194
328,お散歩カメラ,64,937,MASTER+,29,0.6621403755761943,0.6590370656312226,0.7087657152372526,0.6062051060802184
329,キラッ ! 満開スマイル,356,918,LEGACY,29,0.6284862250652831,0.6415426690770889,0.6905236483876466,0.6585392234119821
330,Frost,354,722,LEGACY,29,0.6320111589163281,0.6218934794994203,0.6736606353509764,0.6208129506296532
331,Spring Screaming,358,896,LEGACY,29,0.644313576494429,0.6577697568389073,0.683099037487337,0.6033118034447837
332,Lunatic Show \n～For SS3A rearrange Mix～,707,668,MASTER,27,0.6379793604280793,0.644986622499681,0.6567715632564651,0.6290610268824054
333,ドレミファクトリー !,371,534,MASTER,24,0.6390947485855443,0.6493213270645732,0.6636650994767177,0.6108056418838156
334,Nocturne \n～For SS3A rearrange Mix～,704,554,MASTER,26,0.636121565916481,0.6190951685997387,0.6932176050387889,0.6034769695573133
335,ゴキゲンParty Night \n-Dance!!!!!!!!!!!!!!! Remix-,709,716,MASTER,27,0.6407741986608032,0.6267086651610603,0.6683109473433979,0.5909505130948124
336,アンデッド・\nダンスロック,372,666,MASTER,26,0.642876919472663,0.6922880327135653,0.6566140608693796,0.6598087449151273
337,Near to You \n-PicoPico D'n'B Remix-,710,888,MASTER,27,0.633346112069518,0.6575458437160578,0.6961216535684636,0.6002012650948838
338,Starry-Go-Round,373,767,MASTER,27,0.6453253442074226,0.6372807382544141,0.7008978519977453,0.6444931435915939
339,Last Kiss,91,590,MASTER,25,0.6752013463156622,0.6690708017790591,0.6559682654165154,0.6427455222983524
340,あいくるしい \n～For SS3A rearrange Mix～,706,711,MASTER,26,0.6499685788670437,0.6521630706925615,0.645579595216008,0.6000937646507261
341,桜の風,359,696,MASTER+,29,0.6291269258987526,0.6402339610336674,0.6465517241379315,0.603855873481698
342,Heart Voice,360,919,MASTER+,29,0.6622215019409019,0.6854505745529768,0.6415391382862976,0.6373717963558918
343,エチュードは1曲だけ,363,817,MASTER+,28,0.6256239311787648,0.6500169275241555,0.664687448457861,0.620849501289097
344,この空の下,323,521,MASTER+,26,0.6395230122105606,0.6437429384299148,0.6310831597718516,0.5985488898871508
345,Virgin Love,362,904,MASTER+,28,0.6361011736647224,0.6386116864369562,0.6781522625996376,0.6150756291972652
346,Wonder goes on!!,339,993,MASTER+,29,0.6300129273710312,0.6742945297936633,0.6569389985215675,0.5858027468877904
347,桜の風,359,688,LEGACY,29,0.6304634669305621,0.640978063664852,0.6453076034966191,0.603661553686293
348,エチュードは1曲だけ,363,812,LEGACY,28,0.6293889529399447,0.6476435034762267,0.6639765223771112,0.6231003039513687
349,Virgin Love,362,885,LEGACY,28,0.6369355291100708,0.6415835236606977,0.6793284449252732,0.6124934888007386
350,Sunshine See May,376,521,MASTER,26,0.638842378949375,0.6389785056016115,0.612297681763112,0.5767686255291928
351,君への詩,374,520,MASTER,25,0.6174304418985274,0.6822149481723945,0.6260229132569557,0.650027277686852
352,HOT LIMIT,807,605,MASTER,25,0.6535373073090667,0.6243479280229755,0.6436902877908669,0.547799073911259
353,友達の唄,809,636,MASTER,25,0.6542441678933036,0.6621615593915865,0.6912663365894992,0.6076319193541186
354,おんなの道は星の道,92,448,MASTER,25,0.663785460992908,0.6561866767983795,0.662993920972645,0.6177178318135769
355,Trust me,375,840,MASTER,27,0.6247044917257693,0.6766295170550504,0.6632894292468777,0.5810536980749758
356,行くぜっ ! 怪盗少女,808,688,MASTER,26,0.6408749793831426,0.6729341909945581,0.6731403595579751,0.5922191984166245
357,HARURUNRUN,361,972,MASTER+,29,0.6339929369874224,0.6361818871669158,0.657195808890058,0.6135627353121457
358,メルヘンデビュー !,65,977,MASTER+,30,0.6745210769688662,0.6788765725153726,0.6680604252415494,0.6065027548509346
359,ガールズ・イン・\nザ・フロンティア,369,879,MASTER+,30,0.6093320101017448,0.6920339844600989,0.6448333454360624,0.6295032233598794
360,2nd SIDE,66,783,MASTER+,29,0.6386601813356535,0.6581342898290826,0.6501634919340973,0.6070487215021344
361,銀のイルカと熱い風,364,999,MASTER+,30,0.6256611221150237,0.6533483838448394,0.6679729374764845,0.6111075614621728
362,熱血乙女A,67,927,MASTER+,28,0.6448774740450032,0.656200509536598,0.6423527431583632,0.6070830177419738
363,HARURUNRUN,361,970,LEGACY,29,0.6328873290926389,0.636177524310888,0.6575272355048638,0.613657965928202
364,ガールズ・イン・\nザ・フロンティア,369,870,LEGACY,30,0.607483492296406,0.6906334067009064,0.649547566642212,0.6297383223281984
365,銀のイルカと熱い風,364,989,LEGACY,29,0.6301945514130622,0.6560104410931613,0.669563783175212,0.6130556690976643
366,Palette,377,765,MASTER,26,0.6286561906086324,0.6389468316877587,0.6446020488573695,0.6016780234552451
367,虹,810,578,MASTER,24,0.5990331051068736,0.6336351812314407,0.6628383518613945,0.6398930035092882
368,心もよう,365,378,MASTER,21,0.6600622912679652,0.6548088108371799,0.660812788472363,0.6114675972832
369,スパイスパラダイス,380,607,MASTER,25,0.6499818897729789,0.6330400644957751,0.6679752766191117,0.5837335109303978
370,凸凹スピードスター,367,1077,MASTER+,31,0.6264446156581535,0.6505462375787763,0.6760307394456647,0.586077691512411
371,き・ま・ぐ・れ☆\nCafé au lait !,68,724,MASTER+,27,0.6331060695113834,0.6526977783002238,0.665530347556915,0.5875553465773277
372,Pretty Liar,370,866,MASTER+,29,0.6113540694150992,0.6661425318985157,0.6411642343537595,0.6157764565213842
373,薄荷 -ハッカ-,69,457,MASTER+,26,0.6255722643822653,0.681595977466363,0.6595589490510114,0.602604093921195
374,SUN♡FLOWER,366,998,MASTER+,29,0.623800793075514,0.6454042837447962,0.6848448670390435,0.5844312738953099
375,毒茸伝説,70,980,MASTER+,30,0.6410479085251128,0.6642061079751064,0.6923577941815049,0.612751483572153
376,凸凹スピードスター,367,1077,LEGACY,31,0.6236130043396102,0.6517315632470035,0.675635630889589,0.5913458055934213
377,Pretty Liar,370,865,LEGACY,29,0.6109129668347486,0.6668306481367617,0.640675603656788,0.6164883368179408
378,SUN♡FLOWER,366,995,LEGACY,29,0.6247549805766432,0.646352329020993,0.6855554367582604,0.5861220998610086
379,義勇忍侠花吹雪,379,757,MASTER,26,0.6080365758827774,0.6393284428080238,0.6433570364540887,0.582084937744174
380,谷の底で咲く花は,93,475,MASTER,25,0.6117207913400529,0.6763717805151179,0.6333706606942892,0.5758865248226955
381,Needle Light,378,766,MASTER,26,0.6030220543303147,0.6483899042645794,0.6672777438290481,0.5637649760198502
382,Fascinate,381,698,MASTER,26,0.6422605620923003,0.6772135178524261,0.6609563291267865,0.5902375581702528
383,Nebula Sky,39,531,MASTER,25,0.6209346743064736,0.6767640341387181,0.6875826421444882,0.6404348813292194
384,スターラブレイション,811,704,MASTER,26,0.6460549645390067,0.6484727595099942,0.6659010315925213,0.6073702450032229
385,ツバサ,812,565,MASTER,24,0.643946526077951,0.6494696541768652,0.6587585514341295,0.589593924559091
386,未完成の歴史,382,523,MASTER,25,0.6452137830031323,0.6365349931518921,0.6765387901224522,0.6119902906038541
387,クレイジークレイジー,368,983,MASTER+,29,0.6786288897065733,0.6673015735590148,0.663261256971351,0.5818055886236236
388,秘密のトワレ,71,947,MASTER+,30,0.6739460932994842,0.6617388243576219,0.661214585814106,0.5771866364106155
389,アンデッド・\nダンスロック,372,888,MASTER+,29,0.613219602581306,0.6747172704619526,0.6357421251038278,0.6559485016931837
390,小さな恋の密室事件,72,880,MASTER+,30,0.6424887169568034,0.6193584784010328,0.6593326885880099,0.6017085751128313
391,ドレミファクトリー !,371,883,MASTER+,28,0.632916475908212,0.6358079724986563,0.6744415797209722,0.5897849851007623
392,Can't Stop!!,76,977,MASTER+,29,0.6263928511799777,0.6297320644322983,0.6563005872659842,0.6089708689939544
393,クレイジークレイジー,368,983,LEGACY,29,0.6786288897065733,0.6673015735590148,0.663261256971351,0.5818055886236236
394,アンデッド・\nダンスロック,372,888,LEGACY,29,0.616094818222479,0.6747172704619526,0.6368602645198396,0.6580250463229198
395,ドレミファクトリー !,371,871,LEGACY,28,0.6277125013231724,0.6312952422828589,0.6752652449699148,0.5839867764288231
396,O-Ku-Ri-Mo-No \nSunday!,383,794,MASTER,26,0.6544652267895757,0.649105882773284,0.6579488004001661,0.6269539275059413
397,はにかみdays,201,471,MASTER,23,0.6363403653009296,0.6452244357109518,0.6361897878363528,0.576410534399422
398,LIFE,813,672,MASTER,25,0.6298547787909479,0.637031408308004,0.6838905775075981,0.6303824721377902
399,きゅん・きゅん・\nまっくす,384,689,MASTER,25,0.6288278829426955,0.635621570988893,0.6571349164685173,0.606285190789405
400,君への詩,374,753,MASTER+,28,0.6218153391163481,0.6638222523617127,0.6412176353686914,0.6258653329942645
401,恋色エナジー,74,777,MASTER+,28,0.6181257245087047,0.6364723385999999,0.6465127741723495,0.5837144135016475
402,Trust me,375,998,MASTER+,30,0.6367344618314659,0.6707741724583928,0.6427038474111358,0.5862078767464026
403,青の一番星,75,925,MASTER+,29,0.6260302856047546,0.678397546482654,0.6824611845888451,0.6497220624880209
404,Sunshine See May,376,664,MASTER+,29,0.612556609416388,0.6466290694693657,0.6577373323079545,0.6031573100914289
405,気持ちいいよね　\n一等賞 !,73,986,MASTER+,29,0.6275085235855178,0.6122595773452456,0.6516047358048143,0.608663127760277
406,君への詩,374,692,LEGACY,28,0.6276390767843226,0.6718115852908623,0.6417824785799193,0.6184151190915416
407,Trust me,375,995,LEGACY,30,0.6359456858761909,0.6710146477066188,0.6415766777148167,0.5856944295947843
408,Sunshine See May,376,664,LEGACY,29,0.612556609416388,0.6466290694693657,0.6577373323079545,0.6031573100914289
409,無重力シャトル,385,724,MASTER,26,0.6456447631362411,0.6544610320912195,0.667587476979743,0.6455468045922966
410,AnemoneStar,202,649,MASTER,26,0.6573123955020808,0.6504278267711361,0.6296648417095576,0.5984110852484447
411,Max Beat,386,698,MASTER,26,0.6425653843809055,0.6643093743014483,0.6313885671320292,0.613200837245218
412,青空エール,387,582,MASTER,25,0.6263556822890006,0.6571860300748208,0.6459749945163406,0.6071019473081325
413,♡桃色片想い♡,814,604,MASTER,25,0.646399887276313,0.6232680475318203,0.6704710910713436,0.5983749001925693
414,炎の華,94,583,MASTER,24,0.6563020814325503,0.6577618821697498,0.6479082271936539,0.5938955999172775
415,Palette,377,950,MASTER+,29,0.6632325494587546,0.6686823441582699,0.6475550578574107,0.5805151175811888
416,ラヴィアンローズ,77,877,MASTER+,28,0.6053842483644288,0.6460612824183041,0.6597281189095664,0.6137137404271502
417,義勇忍侠花吹雪,379,924,MASTER+,29,0.6521905989991111,0.6517300666236849,0.6648552393233255,0.5865647355009068
418,in fact,78,516,MASTER+,26,0.6139699818571664,0.672521853867722,0.6358238495794158,0.625103084281709
419,スパイスパラダイス,380,888,MASTER+,28,0.6419717589930373,0.6394958788575822,0.6696057759887573,0.5839083764615686
420,ミラクルテレパシー,79,998,MASTER+,29,0.6530792080615146,0.643698745007747,0.6399323469634317,0.5744822979291943
421,Palette,377,948,LEGACY,29,0.6647065864679669,0.6681479486488932,0.646976090014066,0.5806924619205812
422,義勇忍侠花吹雪,379,918,LEGACY,29,0.6502727174400114,0.6507362598309628,0.667423785905222,0.5859948392280485
423,スパイスパラダイス,380,883,LEGACY,28,0.6399042593351181,0.6398239399853831,0.6701043348353075,0.5826365629743869
424,TAKAMARI☆\nCLIMAXXX!!!!!,388,885,MASTER,27,0.629723123772891,0.6407821452898994,0.6564891613575367,0.5902151700925607
425,Stage Bye Stage,389,548,MASTER,25,0.6508515815085157,0.6370036755189725,0.6693585960552875,0.6368742558368279
426,タッタ,806,764,MASTER,26,0.6299431881474888,0.6551000705506678,0.6483234933719518,0.6085923285433144
427,Hello Especially,815,506,MASTER,24,0.6022762313234102,0.6340930115213185,0.6768424298489052,0.633672525439408
428,バベル,390,701,MASTER,27,0.6287876488501726,0.672494207869205,0.6650074361853893,0.6106777551825652
429,Starry-Go-Round,373,994,MASTER+,30,0.63758437147709,0.6518543887438114,0.6729026642122247,0.6165360960086769
430,恋のHamburg♪,80,944,MASTER+,29,0.6480646712345252,0.6455854068998692,0.6781914893617038,0.6014845534319045
431,Needle Light,378,888,MASTER+,29,0.6409334866781684,0.6548303622771716,0.6481215257811007,0.5795156858986659
432,共鳴世界の存在論,81,997,MASTER+,30,0.6092746324078633,0.6676056538409566,0.6389380908683514,0.5666645326049078
433,O-Ku-Ri-Mo-No \nSunday!,383,999,MASTER+,30,0.6485918542656145,0.6480949034140538,0.6424154651105024,0.6244542414755199
434,Radio Happy,82,999,MASTER+,29,0.6258741010514067,0.6322634691429032,0.6640683236427923,0.6218275012601269
435,Starry-Go-Round,373,980,LEGACY,30,0.6398899985526131,0.6532783326096403,0.6702127659574477,0.6119554204660593
436,Needle Light,378,888,LEGACY,29,0.6409334866781684,0.6548303622771716,0.6481215257811007,0.5795156858986659
437,O-Ku-Ri-Mo-No \nSunday!,383,998,LEGACY,29,0.6479625918503688,0.647962591850369,0.6418510780426118,0.6235876007333835
438,夏恋 -NATSU KOI-,391,658,MASTER,25,0.6691241458104291,0.6548966349781193,0.6564056133997273,0.5937830089029719
439,LOVE☆ハズカム,95,518,MASTER,25,0.6513048002409704,0.6584243818286369,0.6633533229277906,0.6543169309126757
440,全力☆Summer!,816,757,MASTER,27,0.6634063164600857,0.6692149863683646,0.677927991230783,0.6296785557023333
441,comic cosmic,392,778,MASTER,26,0.674032343342633,0.6653722036864862,0.6381155536108242,0.6169665809768645
442,TRUE COLORS,393,659,MASTER,26,0.6386207341878397,0.6446474886729291,0.6697230921555324,0.6040745165143825
443,ステップ !,203,637,MASTER,26,0.6207065477582185,0.6240466726788908,0.6523263970072473,0.6102408230067794
444,ステップ＆スキップ,394,562,MASTER,26,0.6178541682441128,0.6625274475656842,0.6673228843290165,0.600060573938063
445,Fascinate,381,983,MASTER+,30,0.6479657727466226,0.6719190782306312,0.6503466735929245,0.5972453698693408
446,未完成の歴史,382,759,MASTER+,28,0.6396994926134625,0.6381109896373554,0.6443715601902481,0.5969967949616425
447,無重力シャトル,385,981,MASTER+,29,0.6444429985324006,0.6457443193730533,0.6669269308347989,0.6338878406026578
448,Fascinate,381,964,LEGACY,30,0.6478620405520741,0.6697860569141594,0.648818457373239,0.5984226479503271
449,未完成の歴史,382,744,LEGACY,28,0.6382978723404265,0.6372492945931527,0.6408716540837349,0.6009303744375808
450,無重力シャトル,385,974,LEGACY,29,0.6417201858243421,0.6442687171421504,0.668807432973628,0.6340745918709147
451,紅,818,988,MASTER,28,0.65373130042783,0.6862491744910563,0.6652884256467697,0.5888391190742828
452,ハミングがきこえる,819,514,MASTER,24,0.6053205287413419,0.6272594309683474,0.6410574826834445,0.5908325744404892
453,はじめてのチュウ,820,415,MASTER,23,0.6304366401777326,0.6635905323421347,0.6644450140989491,0.6111253524737247
454,YELLOW YELLOW \nHAPPY,822,505,MASTER,24,0.6238325960255598,0.6620321606628748,0.6610490836317675,0.6204620462046205
455,HIGH PRESSURE,823,667,MASTER,25,0.6899741618552422,0.6883792146479946,0.6387231915956909,0.5877912107775887
456,Gossip Club,395,851,MASTER,27,0.6478819244776706,0.6499654140727236,0.6815511163337262,0.5904609512380111
457,亜麻色の髪の乙女,817,471,MASTER,22,0.6223366610953007,0.6166147174413881,0.6629925765309967,0.5947809850777733
458,大きな古時計,827,445,MASTER,25,0.6440353813052838,0.6277791059048535,0.6298509841421628,0.5861821659096343
459,君の青春は\n輝いているか,824,423,MASTER,23,0.6589205774357431,0.6371242224569525,0.7011719732407831,0.6206931240883258
460,RAGE OF DUST,825,800,MASTER,27,0.6417553191489379,0.6535460992907811,0.663120567375888,0.6174645390070935
461,風になりたい,826,635,MASTER,26,0.6367342380074822,0.6515887641704348,0.6854302786619746,0.6570614843357339
462,しゅがーはぁと☆\nレボリューション,97,819,MASTER,27,0.6311104183444622,0.6602932134847045,0.6544912927891667,0.5964720858337887
463,きゅん・きゅん・\nまっくす,384,926,MASTER+,28,0.6438889144187628,0.6344683914648542,0.6819539543219539,0.6040623133128082
464,Max Beat,386,900,MASTER+,29,0.6436564223798276,0.6562647754137138,0.6446808510638316,0.574468085106384
465,TAKAMARI☆\nCLIMAXXX!!!!!,388,1000,MASTER+,30,0.6452482269503562,0.6561702127659584,0.6570212765957458,0.5971631205673775
466,きゅん・きゅん・\nまっくす,384,915,LEGACY,28,0.6439561291322728,0.6333372088516851,0.6809285741968005,0.6120993682905097
467,Max Beat,386,896,LEGACY,29,0.643759498480244,0.654999366767986,0.6464507345491407,0.5741831306990893
468,TAKAMARI☆\nCLIMAXXX!!!!!,388,1000,LEGACY,30,0.6452482269503562,0.6561702127659584,0.6570212765957458,0.5971631205673775
469,COLORS,828,573,MASTER,25,0.6183704033765298,0.636936368249724,0.6400306957285897,0.5833426163157699
470,モザイクカケラ,829,727,MASTER,26,0.6582965065800388,0.6687348181099841,0.6720516647643588,0.619664998487908
471,空想探査計画,396,559,MASTER,25,0.6484477093086686,0.6545376114896148,0.6662099240030952,0.6422309341656196
472,ミラーボール・ラブ,397,685,MASTER,26,0.613345757622818,0.6750530620696796,0.6988662835844087,0.6115856499456432
473,O2,830,699,MASTER,27,0.6329203827149212,0.6495601619334606,0.6673160239044623,0.6214551689850746
474,Revive,831,438,MASTER,25,0.6504420479937829,0.6716538748016457,0.7079244794196707,0.6067230156416985
475,ニャンと☆\nスペクタクル,204,809,MASTER,27,0.6388238697630391,0.672049373624737,0.6697700514600826,0.5951660836861908
476,EZ DO DANCE,832,654,MASTER,25,0.6641074023467147,0.6680113648686739,0.6671438176415717,0.6192118333441767
477,Secret Daybreak,398,585,MASTER,26,0.6215675577377695,0.6045947748075402,0.6928532460447343,0.6256895193065403
478,Stage Bye Stage,389,807,MASTER+,28,0.6426041639203093,0.6533259511191982,0.6840851766897817,0.6157996959230848
479,To my darling...,83,700,MASTER+,27,0.6258358662613976,0.6499493414387029,0.6392097264437685,0.6026342451874355
480,バベル,390,1144,MASTER+,31,0.6387318355403474,0.6599960323364591,0.6726429598770036,0.6082924168030568
481,こいかぜ,86,756,MASTER+,29,0.6286352208338026,0.6422379826635163,0.6148448347029908,0.5697211902885657
482,青空エール,387,925,MASTER+,28,0.6320874065554923,0.6612229250527141,0.6846080122675878,0.6243434924286002
483,みんなのきもち,84,892,MASTER+,28,0.6310625576439928,0.6452151512260297,0.653325064402253,0.5782686130458294
484,Stage Bye Stage,389,775,LEGACY,28,0.6436970944863889,0.653397391901168,0.6798444291924065,0.61770761839396
485,バベル,390,1141,LEGACY,31,0.6378006103890466,0.6616691840552967,0.671987369546436,0.6099539411117552
486,青空エール,387,905,LEGACY,28,0.6331256612201724,0.6574193801183357,0.6714470436111447,0.630539555660046
487,Sun! High! Gold!,399,761,MASTER,27,0.6018583237807671,0.6449147724625129,0.6526500219010085,0.5932843123549643
488,もりのくにから,96,658,MASTER,26,0.6654594839293789,0.6151242751514356,0.6848606350643465,0.6136152967298272
489,ギュっとMilky Way,400,713,MASTER,26,0.6243720967244583,0.6614743417584281,0.6906190007261307,0.6470512170133191
490,夢をのぞいたら\n（for BEST3 VERSION）,406,714,MASTER,26,0.6289608041798278,0.6879631285138178,0.6538927627788702,0.5967777181794691
491,SUPERLOVE☆,205,708,MASTER,26,0.6479144127899987,0.6511199262731903,0.6833754056978012,0.5963256801698912
492,WHITE BREATH,833,814,MASTER,27,0.6105912488891224,0.6340286127520187,0.6692282224197132,0.5597957725617304
493,幸せの法則 \n～ルール～,403,520,MASTER,25,0.672394980905619,0.6764866339334423,0.6804418985270048,0.6331151118385159
494,TRUE COLORS,393,841,MASTER+,29,0.6384665334244116,0.6279252156753629,0.6490921817154529,0.5879525387709675
495,追い風Running,87,816,MASTER+,29,0.6402968989014055,0.6519434014740659,0.6866221665971364,0.6255214851898226
496,夏恋 -NATSU KOI-,391,868,MASTER+,28,0.6684478870477512,0.6596234924992662,0.6436905578978346,0.5880478478282201
497,One Life,88,923,MASTER+,29,0.6535887446885358,0.6713384507810652,0.6558939013239301,0.6021069131647506
498,comic cosmic,392,999,MASTER+,29,0.655052215335905,0.6581049134240635,0.6429834089408573,0.6319794972277251
499,lilac time,85,805,MASTER+,28,0.6567111580987635,0.6738910180168292,0.7042861547949449,0.6101933835513864
500,TRUE COLORS,393,795,LEGACY,29,0.6332128997725159,0.627325036799145,0.6367813015745584,0.5868236763459562
501,夏恋 -NATSU KOI-,391,868,LEGACY,28,0.6684478870477512,0.6596234924992662,0.6436905578978346,0.5880478478282201
502,comic cosmic,392,972,LEGACY,29,0.6514315734173908,0.661427779237079,0.6314391617780127,0.6339199719814386
503,学園天国,834,702,MASTER,25,0.61607160897941,0.6520377442363251,0.6681012709381511,0.5957648865450272
504,STAR,835,506,MASTER,24,0.6360552799035689,0.6730580551117091,0.6385781963950329,0.6081630364701597
505,Unlock Starbeat,404,624,MASTER,26,0.6099972722313143,0.714334424440808,0.6343198763411521,0.5866975813784315
506,印象,405,434,MASTER,24,0.6299637219335233,0.6677125208353766,0.6603588587116388,0.5918880936039485
507,NUDIE★,206,838,MASTER,27,0.6150239509808912,0.6324582338902165,0.6538702415409886,0.6283112442661536
508,ステップ＆スキップ,394,795,MASTER+,29,0.6422231143226738,0.6699674383335581,0.6556938311253862,0.6211695436906213
509,楽園,90,764,MASTER+,28,0.6334707214733964,0.6606698600126264,0.6825776985629955,0.5935538969960271
510,ミラーボール・ラブ,397,969,MASTER+,29,0.64063998126313,0.665817652182188,0.6855791962174954,0.6131933923252035
511,Last Kiss,91,832,MASTER+,28,0.6578184669939999,0.6509138025095486,0.660205264593564,0.6117873704309885
512,Gossip Club,395,1290,MASTER+,31,0.6473143108472165,0.6417615042058393,0.6665567100995118,0.6121831876408829
513,祈りの花,89,842,MASTER+,30,0.6179983490844175,0.6818449823958506,0.627263691649401,0.58396927275484
514,ステップ＆スキップ,394,788,LEGACY,29,0.6351477841379569,0.6748388954890752,0.6503582100298825,0.6166972675234924
515,ミラーボール・ラブ,397,954,LEGACY,29,0.6365136714394055,0.6626076096168442,0.6844640706543572,0.6116092005293147
516,Gossip Club,395,1290,LEGACY,31,0.6473143108472165,0.6417615042058393,0.6665567100995118,0.6121831876408829
517,Gaze and Gaze,407,711,MASTER,26,0.6445820989316818,0.6490708322111495,0.640492364165944,0.6080737349253369
518,Butter-Fly,836,721,MASTER,26,0.6197066721751706,0.6589547614129321,0.6530527931065014,0.589704999950816
519,I wish,838,588,MASTER,25,0.6362474067641235,0.6649539248323436,0.6801514932214011,0.6038018044097068
520,空と風と恋のワルツ,207,655,MASTER,26,0.6507498240485071,0.6624438308700115,0.6632017757565905,0.5891397325537322
521,輝け ! \nビートシューター,408,652,MASTER,25,0.625244746116694,0.6377539920811022,0.6529826393421212,0.6182830787973711
522,brave heart,837,549,MASTER,25,0.6381686883954055,0.6729191696056009,0.6465656448216611,0.6078104613158672
523,離れていても,839,630,MASTER,26,0.6477541371158383,0.6534954407294821,0.6602499155690634,0.610942249240121
524,Great Journey,409,826,MASTER,27,0.6270499544931584,0.6147716930262923,0.6869816083663914,0.5830027647553809
525,OTAHEN アンセム,100,797,MASTER,26,0.5885545974710139,0.6410564439342585,0.6636589337675873,0.626195751799747
526,ギュっとMilky Way,400,886,MASTER+,28,0.6390182988329101,0.6618318044282232,0.6901685797992431,0.6414997678625757
527,谷の底で咲く花は,93,857,MASTER+,28,0.6255534314820801,0.6635384857287104,0.6344083351953472,0.5996507692180397
528,Secret Daybreak,398,881,MASTER+,29,0.6362048284911581,0.6301672020028832,0.6954540697627628,0.6214730198597671
529,もりのくにから,96,873,MASTER+,28,0.6332610302779215,0.6366730845783278,0.6477216413605991,0.581024103726452
530,空想探査計画,396,806,MASTER+,28,0.6418175738697369,0.6526406560723669,0.6854618728331854,0.6360980588846084
531,おんなの道は星の道,92,900,MASTER+,28,0.6219070133963773,0.6657998423955892,0.68132387706856,0.5968479117415307
532,ギュっとMilky Way,400,872,LEGACY,28,0.6359392283167423,0.6563536990044915,0.6870974038649248,0.6369152189472325
533,Secret Daybreak,398,870,LEGACY,29,0.6400913018667985,0.6253362680361958,0.6925083557512036,0.6227276432705643
534,空想探査計画,396,764,LEGACY,28,0.6455385986409725,0.6454457688166072,0.6854554231183411,0.6380193828673288
535,見上げてごらん\n夜の星を,840,356,MASTER,20,0.6454697585464977,0.6679815124711137,0.6922862379472471,0.6408877201370624
536,Lost Princess,841,691,MASTER,26,0.6236208188358936,0.6430191622789463,0.6606726811795014,0.6241340025248625
537,Connecting \nHappy!!,842,715,MASTER,27,0.633437484501314,0.6372067648663393,0.6012002182214944,0.625998115359818
538,春恋フレーム,101,695,MASTER,26,0.6411551609776007,0.684524720649013,0.6458492780243882,0.6119699984693083
539,Athanasia,410,635,MASTER,26,0.636845926174121,0.6539342156698487,0.6671134193332204,0.6319316468420162
540,Sing the \nPrologue♪,421,549,MASTER,25,0.627833972793861,0.6411399191308503,0.6238292704982621,0.6109108759963309
541,オタク is LOVE!,411,686,MASTER,25,0.6555631371089468,0.6662117734631843,0.6884395095424197,0.5983913322167765
542,あらかねの器,99,757,MASTER,27,0.6505710297272749,0.6450434244919766,0.690763277963594,0.5930464599904436
543,不埒なCANVAS,412,736,MASTER,26,0.6305889608387301,0.6247109158186865,0.6705789392537788,0.6252890841813136
544,夢をのぞいたら\n（for BEST3 VERSION）,406,800,MASTER+,29,0.6366134751773064,0.6739361702127674,0.652659574468086,0.6251773049645397
545,Unlock Starbeat,404,934,MASTER+,30,0.6417148845049897,0.6962352119306893,0.6329065864807826,0.5927377101462498
546,Sun! High! Gold!,399,998,MASTER+,30,0.6125015989425673,0.6441251296920092,0.660043491237796,0.5727767591921438
547,夢をのぞいたら\n（for BEST3 VERSION）,406,794,LEGACY,29,0.6339210747271213,0.6731336084463275,0.6514282651803429,0.6254354467013246
548,Unlock Starbeat,404,893,LEGACY,29,0.6444926258607144,0.6880147403365829,0.6378213528388663,0.5901694026828064
549,Sun! High! Gold!,399,997,LEGACY,30,0.6166727131749873,0.6408587464521235,0.6597096253298916,0.5718574162202928
550,OVER THE SKY,843,580,MASTER,25,0.6561506480802145,0.6061384201516257,0.6535827830765464,0.6153093665932987
551,ほほえみDiary,413,634,MASTER,26,0.6599995525426754,0.666040226413405,0.6697317493344062,0.5901962100364669
552,Claw My Heart,98,782,MASTER,27,0.6110899493932643,0.6480927246014058,0.7006040158894287,0.593223413324627
553,幸せの法則 \n～ルール～,403,779,MASTER+,28,0.645763344531543,0.643214158905309,0.6823623667367708,0.6352934749952217
554,Treasure☆,322,931,MASTER+,29,0.6260331680264506,0.6709783577484763,0.6404308643950314,0.5848968926876482
555,Gaze and Gaze,407,988,MASTER+,30,0.6815114709851567,0.630975966922217,0.6446148103482942,0.567591236684183
556,キミとボクのミライ,801,919,MASTER+,29,0.6278023445157025,0.6786593506663899,0.6878429375130246,0.603647195919093
557,輝け ! \nビートシューター,408,993,MASTER+,29,0.6254419232499852,0.6665809603393984,0.6721518716119231,0.6107290037353688
558,エンジェル ドリーム,802,998,MASTER+,29,0.6521553745789462,0.6724797111954411,0.6414246933583491,0.603476456459018
559,幸せの法則 \n～ルール～,403,764,LEGACY,28,0.6486948126694156,0.6399688091790147,0.6822992090898979,0.6302216776205867
560,Gaze and Gaze,407,978,LEGACY,30,0.6802854283600938,0.6323514481718387,0.6473625433291287,0.5713643417598527
561,輝け ! \nビートシューター,408,996,LEGACY,29,0.6255518528012773,0.6664245635022373,0.6721923153607351,0.606397220086019
562,鳥の詩,844,521,MASTER,25,0.6664760893535344,0.6614394032207563,0.6796803746205466,0.6230516872898547
563,アルカテイル,845,630,MASTER,25,0.6485421591804563,0.6498930541483724,0.6552966340200369,0.5965327029156805
564,私色のプレリュード,102,404,MASTER,22,0.6555017203848048,0.6454954006038901,0.62794045361983,0.5844041850993609
565,時を刻む唄,846,497,MASTER,25,0.6355865690597485,0.6472879832184597,0.6795382222412486,0.5897798136335749
566,"My Soul, \nYour Beats!",847,646,MASTER,26,0.6314911182838191,0.6851766462464043,0.6649759567880895,0.6169993193245932
567,オウムアムアに幸運を,416,708,MASTER,26,0.6338902913010384,0.6843771286612985,0.6745602436190251,0.6061425652121639
568,Sparkling Girl,208,745,MASTER,27,0.638297872340427,0.6609548288828605,0.6478176019801047,0.5533818839544948
569,太陽の絵の具箱,417,416,MASTER,24,0.6062465902891438,0.67069012547736,0.6468221494817245,0.6053941625750137
570,Joker,415,644,MASTER,26,0.5999735694462792,0.683670322893264,0.6912691070877929,0.5779481080128621
571,印象,405,657,MASTER+,27,0.6378660794283051,0.6447747660222147,0.6834202316568965,0.610339281280697
572,はにかみdays,201,804,MASTER+,28,0.6517942203874257,0.6402385236935906,0.6517942203874261,0.5741681662608941
573,オタク is LOVE!,411,998,MASTER+,29,0.6473230148239758,0.6399323469634314,0.690672124390626,0.5985730325900045
574,AnemoneStar,202,791,MASTER+,28,0.631752606898532,0.6561404452573742,0.6344424420116394,0.6113098600389141
575,Great Journey,409,1162,MASTER+,31,0.6313399494635089,0.6469647587309737,0.6474530340205822,0.571098985608087
576,ステップ !,203,910,MASTER+,28,0.6340113786922315,0.6180344478216829,0.6549762294443159,0.5951211908658733
577,印象,405,629,LEGACY,27,0.6419059860862103,0.6461906211593309,0.6803549481897406,0.6099967301469171
578,オタク is LOVE!,411,998,LEGACY,29,0.6473230148239758,0.6399323469634314,0.690672124390626,0.5985730325900045
579,Great Journey,409,1159,LEGACY,31,0.6327905567896035,0.6460081141115795,0.6480274631468815,0.5700071595102173
580,スカイクラッドの\n観測者,848,559,MASTER,25,0.6417234423172078,0.6799122039102237,0.6495895659675963,0.6527613900201724
581,Hacking to \nthe Gate,849,697,MASTER,26,0.6555959176613038,0.6392136512103539,0.6799149343183052,0.629852356095525
582,ヒーローヴァーサス\nレイナンジョー,418,765,MASTER,26,0.6652760394938131,0.6778843925276977,0.6608260325406775,0.6153988782274138
583,世界滅亡 or KISS,104,683,MASTER,26,0.6517969325981541,0.6477472145208347,0.678483536338433,0.5967623023166451
584,Go Just Go!,419,737,MASTER,26,0.6545608514487532,0.6368544126562554,0.6638952240730587,0.5907599334083921
585,青空リレーション,211,623,MASTER,26,0.627938481153876,0.65696754436893,0.6700590826816011,0.5656682945709955
586,CINDERELLA NONSTOP \nMEDLEY -DJ KOO Mix-,711,1343,MASTER,27,0.6271024434551636,0.6773762561852105,0.6772178303047588,0.61844182865713
587,TRF×CG \n-DJ KOO Mix-,853,789,MASTER,25,0.6315562387077647,0.6681408372210105,0.6495339283948632,0.6258932664563291
588,TAKU INOUE \nSELECTION!!!! feat.DJ KOO,712,1585,MASTER,28,0.6385216010023028,0.6611181958520689,0.7032686757500485,0.6496185426314954
589,オヤマトペ♪,103,727,MASTER,26,0.6372247748934227,0.6415171646814369,0.6549796599256638,0.5928375623128166
590,ほほえみDiary,413,907,MASTER+,28,0.6547968128113112,0.6614433054180662,0.6490886485725695,0.5905995136331305
591,LOVE☆ハズカム,95,786,MASTER+,28,0.630177034269938,0.6728565499070635,0.6798043780340375,0.6296356450652391
592,不埒なCANVAS,412,916,MASTER+,29,0.6379107435968918,0.6488277741645769,0.648595496918456,0.6291616339930026
593,こいかぜ -花葉-,349,778,MASTER+,29,0.6857919014020324,0.6373862786924109,0.6729384309650145,0.6271764298346371
594,Athanasia,410,897,MASTER+,29,0.5988440586035422,0.6574317860164315,0.671505491116963,0.6099923306213795
595,炎の華,94,999,MASTER+,30,0.6622225061941387,0.6446162474531283,0.65370334873881,0.6167869997657254
596,ほほえみDiary,413,899,LEGACY,28,0.6534447258182863,0.6614126018665357,0.6480802152115447,0.5895439377085663
597,不埒なCANVAS,412,913,LEGACY,29,0.6382201921807164,0.648707013741621,0.6485516534222002,0.630607536529097
598,Athanasia,410,889,LEGACY,29,0.6010418910402172,0.6567264198358199,0.6741976401885944,0.6111736032995893
599,オレンジタイム,420,603,MASTER,25,0.6507650870940794,0.6615856885783836,0.6648789151170849,0.6280653470237457
600,Brand new!,424,731,MASTER,26,0.6607096079401586,0.6443131433671941,0.6721580269911044,0.6163712392428511
601,おかしな国の\nおかし屋さん,209,683,MASTER,26,0.6073538726727093,0.619295349054546,0.6806641537646799,0.617737765178654
602,survival dAnce \n〜no no cry more〜,850,541,MASTER,24,0.6258439191935082,0.6552090297715024,0.6718579987152762,0.634496139274524
603,CRAZY GONNA \nCRAZY,851,585,MASTER,25,0.6332060374613561,0.6442383463660052,0.6461780929866029,0.6258107534703274
604,Overnight Sensation \n〜時代はあなたに委ねてる〜,852,561,MASTER,25,0.6444924842922334,0.658398756020783,0.678373219049063,0.6270464343055078
605,THE VILLAIN'S \nNIGHT,426,762,MASTER,27,0.6497459094208986,0.6578433015022075,0.6687328977494852,0.5852459931870215
606,弾丸サバイバー,105,633,MASTER,26,0.6563364816868891,0.6502862648874539,0.6813216362475197,0.5838459211455073
607,Bloody Festa,210,832,MASTER,28,0.6389798145117312,0.6475893344244421,0.671883524277143,0.6117021276595749
608,さよならアンドロメダ,425,664,MASTER,26,0.6426770913440987,0.6624369819704343,0.6661753396564983,0.6059343758010757
609,いつかの、 \nいくつかのきみとのせかい,854,540,MASTER,25,0.6206987128972944,0.6975308641975302,0.6530076175466242,0.5751247701602311
610,碧いうさぎ,855,466,MASTER,24,0.6203390862326126,0.679390010044745,0.6504733205491132,0.6095333759474025
611,Sing the \nPrologue♪,421,872,MASTER+,28,0.6417951720996831,0.6829494436853425,0.654889713058756,0.6110514672392491
612,オウムアムアに幸運を,416,816,MASTER+,29,0.6138749826171618,0.6824502850785723,0.682189542483662,0.6166562369628719
613,ヒーローヴァーサス\nレイナンジョー,418,928,MASTER+,28,0.6482330643189056,0.6590853509415523,0.6623716067498178,0.6215608950843744
614,Sing the \nPrologue♪,421,859,LEGACY,28,0.6436644952484762,0.6794970235883737,0.6619935765651977,0.6086576012021249
615,オウムアムアに幸運を,416,812,LEGACY,29,0.6146280962862049,0.6808335953603764,0.6805715683191857,0.6146280962862049
616,ヒーローヴァーサス\nレイナンジョー,418,922,LEGACY,28,0.648374640390149,0.6581437208658347,0.660451377671114,0.6226058060645238
617,Shinobi 4.0 \n忍者のすゝめ,106,716,MASTER,26,0.6460240104600021,0.6739569713538577,0.6809897381037294,0.6223503308371954
618,ダイアモンド・\nアテンション,422,650,MASTER,26,0.6409165302782314,0.6571740316421157,0.6654664484451711,0.6118930714675388
619,Never ends,427,677,MASTER,26,0.6313837644174856,0.6606115842735469,0.6677352106183934,0.6066605906324305
620,君の知らない物語,856,577,MASTER,26,0.6234251508782275,0.6724682571874571,0.6138377767125132,0.5827402682006464
621,ハーモニクス,632,765,MASTER,26,0.6552635238492577,0.6578593612385867,0.6897510777360605,0.6201270106151215
622,ハーモニクス,632,993,MASTER+,30,0.6825080528236673,0.6734374665209673,0.6846507110054076,0.6050152485840613
623,プライスレス \nドーナッCyu♡,108,768,MASTER,27,0.639036643026006,0.6475325059101669,0.6473478132387724,0.6287861997635944
624,お願い ! シンデレラ \n～ゴージャス・トロピカル Ver.～,713,639,MASTER,26,0.6532813904704814,0.6549462258182656,0.6363000699230837,0.6361890808998981
625,太陽の絵の具箱,417,588,MASTER+,28,0.6009070294784576,0.6070584262073614,0.6386597192068308,0.6258744632604808
626,ニャンと☆\nスペクタクル,204,996,MASTER+,29,0.6444216582642635,0.6654988749323548,0.667706286137459,0.5994189524053678
627,Joker,415,999,MASTER+,29,0.6399307108526979,0.6600217238515121,0.6881349434540941,0.5625483639668051
628,Sparkling Girl,208,941,MASTER+,29,0.6389008222729722,0.6587228013053879,0.6459101152388074,0.5808668912655179
629,Go Just Go!,419,999,MASTER+,29,0.6211175714721828,0.6603766887454843,0.6556911521450539,0.5893127169722926
630,SUPERLOVE☆,205,999,MASTER+,29,0.6368070197857443,0.6567560468269702,0.6776279825925228,0.5975479025124427
631,太陽の絵の具箱,417,577,LEGACY,28,0.6022837616922943,0.6058482982410848,0.6397728529813039,0.6264980272133922
632,Joker,415,998,LEGACY,29,0.6262169729529993,0.6635966969399806,0.6906721243906269,0.5544422177688726
633,Go Just Go!,419,982,LEGACY,29,0.6205312648957851,0.6644422296370137,0.6544755961924582,0.5912091404139778
634,Snow＊Love,428,690,MASTER,26,0.5844382773152423,0.6567992599444958,0.6423065063213067,0.5853633466954458
635,あこがれステッチ,107,560,MASTER,25,0.6101823708206682,0.6643870314083073,0.6652735562310025,0.5858662613981762
636,エキストラ\nレボリューション,858,675,MASTER,26,0.6382978723404249,0.658471237194641,0.6489099028106116,0.6371421066456514
637,Wish you \nHappiness!!,430,760,MASTER,26,0.6522956326987692,0.6537887271369925,0.6722657708100056,0.6267263904441961
638,思い出じゃない今日を,109,571,MASTER,25,0.6345716734359275,0.6538237011091644,0.6703431829191036,0.6386704922308748
639,なんどでも笑おう,429,601,MASTER,25,0.6167026586894178,0.6784201272111485,0.6439621906751151,0.6165846520574448
640,初夢をあなたと,110,458,MASTER,24,0.6516151011180283,0.6508408436309583,0.6324135154386946,0.6263743070395495
641,オレンジタイム,420,831,MASTER+,28,0.6274590128956842,0.6532333085831836,0.6544281434826039,0.5983562485597981
642,Claw My Heart,98,993,MASTER+,30,0.627513159492334,0.6157285394927634,0.6928642340354125,0.5710184054337828
643,Brand new!,424,832,MASTER+,28,0.6364225313693411,0.6638707037643218,0.655772640480089,0.6301998090561934
644,あらかねの器,99,679,MASTER+,28,0.6349554518012506,0.6647238847282715,0.6808092835730475,0.5824167789511057
645,THE VILLAIN'S \nNIGHT,426,969,MASTER+,30,0.6448850536855296,0.6622312978942995,0.6527896712996519,0.5861859488102832
646,しゅがーはぁと☆\nレボリューション,97,956,MASTER+,29,0.6463841657022474,0.666266061307458,0.6994272827086869,0.6308050683996566
647,オレンジタイム,420,820,LEGACY,28,0.6303407714928229,0.6519633281439213,0.6581041342328332,0.6010205846739327
648,Brand new!,424,821,LEGACY,28,0.6325100854346468,0.6592030131045868,0.6573025457623912,0.6253401404618146
649,THE VILLAIN'S \nNIGHT,426,969,LEGACY,30,0.6448850536855296,0.6622312978942995,0.6527896712996519,0.5861859488102832
650,君のステージ\n衣装、本当は…,423,674,MASTER,26,0.6506092556348247,0.6680766883431191,0.66313108992571,0.6023107519414096
651,EVIL LIVE,431,767,MASTER,27,0.6396848733668076,0.6632638908152807,0.6394074731615318,0.5908624372382041
652,Milky Mode,111,646,MASTER,25,0.6377489405616661,0.6342357771776113,0.6553147574819391,0.6054717519706642
653,White again,432,518,MASTER,25,0.6555491661874637,0.6697883293627973,0.6901886689120724,0.6373394671267016
654,Never ends,427,994,MASTER+,29,0.6305207129300642,0.670976211881218,0.6776831199965766,0.6242419053327071
655,空と風と恋のワルツ,207,653,MASTER+,27,0.6262422208465014,0.6668621637179181,0.6488329912134924,0.6197256524714078
656,さよならアンドロメダ,425,900,MASTER+,29,0.6331757289204111,0.6636721828211202,0.6627265563435782,0.6013396375098521
657,Bloody Festa,210,997,MASTER+,30,0.6450557345796267,0.6619148224816301,0.6733676205922743,0.6084210077039636
658,ダイアモンド・\nアテンション,422,873,MASTER+,29,0.613682337744633,0.631555003127718,0.6707123881942928,0.625380809631744
659,NUDIE★,206,806,MASTER+,29,0.6293226334406853,0.628530700596591,0.6456012530137459,0.6173556482410304
660,Never ends,427,989,LEGACY,29,0.6321307431390701,0.6673407482305375,0.6802486930705863,0.624601108649042
661,さよならアンドロメダ,425,889,LEGACY,29,0.6341494547224165,0.6635872643579139,0.6631086007866046,0.6036745406824165
662,ダイアモンド・\nアテンション,422,865,LEGACY,29,0.6159963924076589,0.6282950026647004,0.6710121756241552,0.6260812528184339
663,泡沫のアイオーン,112,795,MASTER,27,0.6174227217984751,0.6585485525670206,0.6658637762612077,0.6144787903117905
664,躍るFLAGSHIP,433,553,MASTER,25,0.6472753388993622,0.6693342567298932,0.688443435548202,0.6202146897002806
665,徒花ネクロマンシー,859,686,MASTER,25,0.6391249508922107,0.6704505510410851,0.6667286975580508,0.6083162748382017
666,Just Us Justice,435,805,MASTER,27,0.6268446323950497,0.6655213426721305,0.6427910664728438,0.5843795427514206
667,Wish you \nHappiness!!,430,995,MASTER+,29,0.630457250792973,0.6234719697779694,0.677287144944583,0.6389393777397635
668,私色のプレリュード,102,527,MASTER+,26,0.651082670542479,0.6236289986138585,0.6681739270862769,0.6125936991131389
669,君のステージ\n衣装、本当は…,423,890,MASTER+,28,0.6392541238345698,0.6754323053629787,0.6695354211490966,0.6091322017690665
670,春恋フレーム,101,977,MASTER+,29,0.6271913586968371,0.6737225694520071,0.6451214820299522,0.5916214784003727
671,Snow＊Love,428,793,MASTER+,28,0.6278339727938624,0.6682586103583674,0.6541278742185628,0.5978732347759216
672,OTAHEN アンセム,100,999,MASTER+,29,0.614870189338276,0.6250221853058744,0.6580339204452698,0.5950631482546386
673,Wish you \nHappiness!!,430,985,LEGACY,29,0.6262015336429431,0.6204413723584277,0.6789070093962648,0.6350577816178862
674,君のステージ\n衣装、本当は…,423,885,LEGACY,28,0.6407821452899001,0.6748407260488055,0.6678687342228643,0.6102496293625048
675,Snow＊Love,428,790,LEGACY,28,0.6260885178202725,0.6695394559655278,0.6537391148217988,0.597719723494031
676,Life is \nHaRMONY,434,638,MASTER,26,0.6744258431712566,0.6577513950954881,0.6759821249916614,0.5967229151381751
677,満願成就♪\n巫女の神頼み !,113,745,MASTER,26,0.6216383454709891,0.6274453805511929,0.6547670046170703,0.6028844780808221
678,REVENGE,860,695,MASTER,26,0.6309505587019739,0.6800346956477376,0.6933006786060522,0.616051839379559
679,#HE4DSHOT,114,573,MASTER,26,0.6441152080006924,0.6635475845679694,0.6568638372136192,0.6050029086678296
680,大河よ共に\n泣いてくれ,861,708,MASTER,26,0.6479144127899985,0.6593340545738668,0.6534238890892338,0.6074448050647103
681,イケナイGO AHEAD,414,659,MASTER,26,0.6641268201336641,0.6485218308419155,0.6908167328533449,0.6214014356590141
682,Beat of the Night,115,514,MASTER,25,0.6330546126886885,0.6617545602560916,0.6560973590529015,0.5806220161713169
683,White again,432,786,MASTER+,28,0.6344179163734153,0.6746611805893933,0.6515619078555592,0.6408243552956897
684,オヤマトペ♪,103,925,MASTER+,29,0.6434349242859896,0.6511021659957836,0.6542457350968012,0.5875407322215843
685,弾丸サバイバー,105,870,MASTER+,28,0.6459607075894684,0.6423738485367261,0.6668297057145204,0.6091954022988518
686,White again,432,767,LEGACY,28,0.6382978723404263,0.668257094510251,0.6532774834253394,0.6465274117636189
687,とんで\nいっちゃいたいの,436,474,MASTER,24,0.6362031301433406,0.61061735045037,0.683185205135111,0.6372505012418833
688,Hungry Bambi,437,827,MASTER,27,0.6318660114744413,0.6526194825353551,0.6232044388415808,0.6339242069515567
